ID,標題,連結,發文時間,全文
260290093,台積電面試通知,https://www.dcard.tw/f/tech_job/p/260290093,2025-11-18T07:03:31.587Z,台積電面試通知 C 布丁滷肉飯 追蹤 11 月 18 日 15:03 各位好，我上週四投了兩份台積電裡面的文組工作，想詢問大概都是多久才會收到面試通知呢？如果不適合的話會有拒絕的信件嗎？謝謝各位年薪300萬🙏 真的好希望可以進去工作🥲 台積電 通知 求職 科技業 台積
254763193,台積電簽核,https://www.dcard.tw/f/tech_job/p/254763193,2024-02-23T07:18:19.945Z,台積電簽核 S 孤獨的貓 追蹤 24/2/25 21:54(已編輯) 更：就在今天晚上人資跟我說錄取了，也收到e-offer了！！ 謝謝大家 ———————————————————————— 大家好，1月初接到台積電面試邀約，目前已經有跟部門主管、人資進行面試，年前也有到廠測，隔天台積電也有請我補文件。 上週五有打電話跟我核薪、確認意願、確認工作時間、工作廠區、學經歷、最快可報到時間，要向上簽核需要時間，最終結果也以簽核為主 目前已經過了一週（包含假日）都還沒有收到消息，我該寫信去詢問嗎？ 謝謝 台積電 工作 面試 offer 研究所
256344850,台積電 秘書,https://www.dcard.tw/f/tech_job/p/256344850,2024-08-10T16:37:09.025Z,台積電 秘書 D 黛黛 追蹤 24/8/11 14:39(已編輯) ⚠️這裡是詢問意見的貼文，不是讓大家動不動就就搞騷擾或是用那種偏激詞彙說話的地方呦大家，不管有意無意大家都成年人了，留點口德 感謝大家配合⚠️ 哈嘍大家！本人是今年畢業的社會小白😭最近收到了台積電二面以及另一間公司的錄取通知，所以有幾個問題想請求大家給予我一些意見🥲 前情提要： 1️⃣台積電 秘書 ➡️二面 💰：還不確定 但網站上寫33k以上 2️⃣台灣知名零售之一 人資人員 (地點在台北市中心) ➡️得到offer了但還在考慮 💰：38k以上 福利待遇相較大部分零售公司好 1.大家覺得第一份工作應該選零售業人資還是台積電的秘書？兩份工作未來哪一個比較好轉職或談薪水？😭(本人對人資很有興趣，但是在秘書這塊也是拿手的) 2.若是在台積電先任職秘書，等做了一段時間轉人資相關是有可能的嗎？有聽說他們很看重學歷跟科系…(本人非本科畢業) 3.據大家所說台積電的福利很好，但是若是秘書職務(非工程師)等職務，待遇都大概落在年薪多少呢？ 4.由於有去爬了文發現大家在面試上都要經歷1個月到1.5個月，所以想問說大家會比較推薦我直接先接下零售業offer呢還是繼續奮戰台積電🥲 以上！再麻煩大家幫助我解答了…如果要鞭美容請小力一點…剛出社會還在努力搞懂這個社會的運作…歡迎大家多多給予指教
260446515,台積電收不到面邀🥲,https://www.dcard.tw/f/tech_job/p/260446515,2025-12-11T08:45:44.995Z,台積電收不到面邀🥲 Draw_z 追蹤 12 月 11 日 16:45 小弟中字混血產線系 自從去年9月有面一次GG的研替後都沒消息了 （只有一面 後續場測、二面都沒有） 身邊朋友都有收到更多面試的機會 一開始以為是當兵卡住 所以退伍後這一個月每天更新履歷 但也都沒有收到 請問這是被黑嗎🥲 謝謝各位年薪300萬的大大
260340183,台積電面試完，被鎖定履歷 (更）,https://www.dcard.tw/f/tech_job/p/260340183,2025-11-25T12:47:42.132Z,台積電面試完，被鎖定履歷 (更） A nmqwea 追蹤 12 月 3 日 13:48(已編輯) 11/26 更新 收到核薪電話。（還沒有正式offer) 12/月初 收到offer ——————————— 各位大大晚安 先前面試一個RD職位，上週也完成了人資面試，但還沒資歷查核。 今天得知履歷已經被鎖起來，無法給其他主管面試了。 想問各位大大，這樣就表示在進行簽核嗎？ 工作 徵才 求職 面試 工作經驗
257099774,台積電 面試,https://www.dcard.tw/f/tech_job/p/257099774,2024-10-30T11:10:50.015Z,台積電 面試 🐇兔兔吃草中🐇 追蹤 24/11/7 13:46(已編輯) 11/7 再更~ 首先感謝所有留言的人，也特別感謝幫忙詢問的朋友🙏🙏 今天已收到回信了，對方已經找到人了。 雖然有點小失落，不過也是一個不錯的經驗跟不一樣的感受。 再次謝謝大家(*°ω°*ฅ)*   ------------------------------------------------ 大家好(･ω･ﾉﾉﾞ 本人我10/21時突然接到台積電南科廠的信件跟簡訊，一開始還以為是詐騙（欸 先說說本人我只是學店後段大學出來的，既沒有漂亮優秀的學歷也沒有設計相關的工作經驗，所以當下收到信件的想法是震驚+覺得不可思議（當然也有可能是他們隨機寄發的，只是沒想到我會收到.... （本人畢業兩年了，最近想回去做看看設計相關的工作，目前是邊打工邊繼續找工作的狀態 最初覺得會不會是詐騙還特別去問其他人跟上網查他們提供的信箱，但結果都是的確是台積電 想詢問版上的大家，台積電有美編設計這類設計系相關的職缺啊OAO（google上找一圈都是跟科技業或工科相關的 然後信件已在22號回覆回去了，不過直到現在仍然沒有下文，好奇是不是拜拜了~ 有詢問工程師朋友，他是告訴我“可能吧”   涉及到一些隱私所以部分地方打碼，有看到的朋友就...默默知道就好🤣 不好意思造成困擾🙏
259594073,台積電履歷,https://www.dcard.tw/f/tech_job/p/259594073,2025-08-20T23:37:44.321Z,台積電履歷 L 🐷 追蹤 8 月 21 日 07:37 我好奇問一件事 已經在台積電官網投履歷了 我也知道現在人事凍結了 但我有個疑問 要看哪裡才知道 他是因為人事凍結 才不去看履歷 還是因為不想用把履歷刷掉？？？ 因為我看 官網一直顯示已申請 如果被刷掉是顯示 馬上應徵？？？ 台積電 履歷
260139538,台積電面完一個多月了，沒有收到任何消息是正常的嗎?,https://www.dcard.tw/f/tech_job/p/260139538,2025-10-28T13:36:25.184Z,台積電面完一個多月了，沒有收到任何消息是正常的嗎? 國立陽明交通大學 10 月 28 日 21:36 一面後到今天已經一個多月 沒收到HR面試 也沒收到廠測通知 問老師也沒收到資歷查核信 再也沒收到其他單位面試邀請 請問台積電通常都是這麼久的嗎? 好想上岸 我是面2026 研替/預聘 台積 台積電
260455584,台積電龍潭	CoPoS  面邀請益,https://www.dcard.tw/f/tech_job/p/260455584,2025-12-12T13:43:12.608Z,台積電龍潭	CoPoS 面邀請益 T tina 追蹤 12 月 12 日 21:44(已編輯) 如題，最近收到CoPoS ETC/BE2 PE 這個職缺的預聘面邀，聽說是比Cowas更新的技術 求問，有沒有熟悉的大佬知道這個職缺如何，是不是依舊龍潭虎穴呢，感謝🙏
260300656,IC設計是不是沒未來了,https://www.dcard.tw/f/tech_job/p/260300656,2025-11-19T17:27:22.675Z,IC設計是不是沒未來了 國立陽明交通大學 11 月 20 日 01:27 好像台積電設備薪水都贏IC設計 更不用說電子五哥 面板廠 品牌廠也都贏ic設計了 未來
260411260,現在還鼓吹做IC設計嗎,https://www.dcard.tw/f/tech_job/p/260411260,2025-12-06T03:39:41.384Z,現在還鼓吹做IC設計嗎 國立臺灣大學 12 月 6 日 11:39 學生要讀研究所了不懂 IC設計比較多去聯發科、聯詠、瑞昱等等等無廠公司 IC製造主要就去台積電跟聯電 聽我學長說IC設計很捲都是卷哥卷姐才能去做的 最近台積電發這麼兇 幹嘛還去做設計？ 設計
260127596,未來想往台積電走,https://www.dcard.tw/f/tech_job/p/260127596,2025-10-27T01:25:29.013Z,未來想往台積電走 國立金門大學 電子工程學系 10 月 27 日 09:25(已編輯) 小弟去年頭上學畢，目前在三口當設備助工1年了，未來想往台積電走，請問各位年薪三百的大哥大姐，會建議直接去台積電面試助工或副工程師還是去讀在職專班洗個碩士學歷呢？ 台積電 科技業
260524152,台積AP8霸凌事件沒在怕有副廠長carry?,https://www.dcard.tw/f/tech_job/p/260524152,2025-12-22T16:25:08.707Z,台積AP8霸凌事件沒在怕有副廠長carry? 國立臺灣科技大學 12 月 23 日 00:25 各位還在傻傻相信 ICIC?請擦亮你們的眼睛。 在台積電裡面，長官不是來「管理」的，是來當流氓的！ 為什麼霸凌者他們可以如此肆無忌憚？ 因為他們的背後，站著一位比法律還大的「副廠長」 霸凌事件層出不窮，但他依然屹立不搖，甚至成為裡面最大尾的流氓。 幕後黑手： 爆料指出，「林世和副廠長」一直在後面幫他壓事情。 甜蜜關係： 兩人關係好到「叫的比誰都甜蜜」，讓這位薄膜王可以在公司橫著走。 人資都是長官養的走狗幫他把不順眼的人丟到竹南、嘉義。 當霸凌事件鬧大，總得有人出來扛吧？別擔心， 這位土皇帝早就想好了對策 抓交替處決！ 無辜受害們就這樣被逼到看精神科吃藥，成為這場官場大戲的犧牲品。 這種「有事菜鳥扛，有功長官領」的文化，正是台積電無能領導的縮影。 長官只會推卸責任，出包就先怪別人，把部門變成「發包和出包中心」。 有人提供台積電的工號了 大家可以去去查看看 真是非常精彩阿，歡迎大家近來體驗台積電到底是不是誠信正直 還是這其實就是個包庇犯罪者的一個巨大犯罪溫床？
260227384,台積電應徵的一些小規則,https://www.dcard.tw/f/tech_job/p/260227384,2025-11-09T15:27:27.904Z,台積電應徵的一些小規則 H 大麻中盤商 追蹤 11 月 10 日 05:24(已編輯) 小弟我是明年畢業的碩士生，在10/31研替收件截止前上台積電的網站投研替的履歷應徵，但現在過了三週都還沒有任何音訊，這陣子有點焦慮，上來爬很多文，看到很多人都說進去的都是內推比較容易上，所以想問一下過了三週都沒有消息是不是就代表沒有了呢🥹還是說人脈內推真的比較重要🥲 或是有沒有可以幫忙內推的學長姐🙏🥹 台積電 應徵 規則 工作 求職
260523003,大立光作業員跳槽台積電作業員,https://www.dcard.tw/f/tech_job/p/260523003,2025-12-22T13:48:23.926Z,大立光作業員跳槽台積電作業員 A 匿名 追蹤 12 月 22 日 21:48 如題， 最近剛入職大立光作業員，報到時聽人資一直強調，離職後的兩年不能去相關產業就職，不然就是違約，要付公司賠償金。 但是就我所知科技業的工程師或作業員不都是跳來跳去的嗎？ 怎麼會有兩年內不能去相關產業的規定？ 因為我剛好有收到台積電的面試邀請，所以才有這疑惑，也不知道怎麼問人資，想說先發文詢問科技業各位前輩們🙏 作業員 大立光 台積電
260389769,台積電前段製程與後段先進封裝選擇,https://www.dcard.tw/f/tech_job/p/260389769,2025-12-02T18:19:28.574Z,台積電前段製程與後段先進封裝選擇 國立成功大學 12 月 3 日 02:19 近期同時收到F25 PE 跟 竹科AP RD Module兩個面試邀請 。 F25先進製程新廠不用說部門也知道剛蓋好前幾年會硬爆， 另外一邊則是在版上看到很多人說AP RD module是賽中賽，要進fab做實驗站到腳斷掉還不能尿尿， 結論是兩個職缺在初期都挺操的，也都是目前最前沿的技術，差別只有一個前段一個後段， 所以想問各位對前後段製程的看法，在兩個職位操度相同的情況下，先進封裝的發展性是不是比走到摩爾定律盡頭的A14製程新廠要來得更好？還是GG能夠繼續創造神跡？ 台積電 科技業 請益 職涯
260313493,台積設備請益,https://www.dcard.tw/f/tech_job/p/260313493,2025-11-21T14:26:26.578Z,台積設備請益 國立勤益科技大學 11 月 21 日 23:44(已編輯) 請問各位學長姐們，如果未來志向想要去台積電EE，都是產線系的話，未來該直升頭上這間碩還是逢甲碩，只有這兩個選擇的話，哪一個進去的機率比較大呢？ 硬要比的話，逢甲雖然私立，但跟勤益比是不是稍微吃香一點，還請各位解惑。 台積 設備 請益 工作 研究所
260373928,台積電廠區資訊整理,https://www.dcard.tw/f/tech_job/p/260373928,2025-11-30T13:44:26.560Z,台積電廠區資訊整理 I ICIC122 追蹤 12 月 3 日 09:17(已編輯) 網路收集台積電廠區資訊 有誤歡迎指正 -----6吋晶圓----- 台積電1廠：1987中研院內（已停止營運） 台積電2廠：1990新竹（已與5廠合併） -----8吋晶圓----- 台積電3廠：1995新竹 台積電4廠：1997新竹（已與3廠合併） 台積電5廠：1997新竹 台積電6廠：2000台南 台積電7廠：2000新竹（學習中心、FAB 3E） 台積電8廠：2000新竹（原世大集體電路，現已併購） 台積電9廠：原要併購世界先進，後來取消 台積電10廠：2007中國上海 台積電11廠：2010美國華盛頓 （1998年啟用，2010成為台積全資子公司） -----12吋晶圓----- 台積電12廠：2002新竹（台積電總部) 台積電14廠：2004台南 台積電15廠：2010台中 台積電16廠：2018中國南京 台積電18廠：2020台南（3奈米製程） 台積電20廠：2025新竹（2奈米製程） 台積電21廠：2024美國亞利桑那 台積電22廠：2025高雄 台積電23廠：2024日本熊本 台積電24廠：2027德國德勒斯登 台積電25廠：2027台中（1.4奈米製程） -----先進封測廠----- 先進封測1廠：2014新竹（已停止營運） 先進封測2廠：2015台南 先進封測3廠：2016龍潭 先進封測5廠：2017台中 先進封測6廠：2024苗栗 先進封測7廠：2026嘉義 先進封測8廠：2026台南（併購群創廠） -----全球研發中心----- 新竹科學園區科環路168號 （2023啟用，員工8000人） -----其他廠區----- 台積電台北辦公室（南港軟體園區內，IT為主） 台積電日本3DIC研發中心：2021日本茨城縣 采鈺：2003年成立，2016年成台積全資子公司 台積固態照明：2011竹科力行四路（2015賣給晶電EPISTAR）
260437239,台積電 FAC工程師請益,https://www.dcard.tw/f/tech_job/p/260437239,2025-12-10T04:01:26.850Z,台積電 FAC工程師請益 C 涵. 追蹤 12 月 10 日 19:21(已編輯) 最近有幸收到FAC FTDD 濾芯檢測分析工程師 的面試邀約，以下有幾個問題想要請問學長姐們。在版上爬文時，看到廠務相關分享多以電力、空調、氣化、廢水等課別為主，幾乎沒看到「濾芯檢測分析工程師」的資訊，因此對這個職務不太了解 想請問有待過或了解這個課別的學長姐： 1. 濾芯檢測分析主要的工作內容是什麼呢 2. 這個職務主要是以做檢測為主嗎？還是大部份都 在寫報告呢？常常需要跨部門合作或討論嗎？ 3. 職務需求寫到，需要「英文能力良好」，小妹 不才，英文能力一直不太好，請問這樣對實際 工作影響大嗎？ 4. 面試邀約上寫工作地點為竹科、南科，請問這樣 被安排在哪裡工作的機率高呢？ 如果有學長姐願意分享相關面試經驗、工作內容或建議，也非常歡迎！ 第一次接觸這個課別，有許多地方都還不太清楚，因此想向大家請益。先在此謝謝大家的回覆及指教！ 🙏
260257651,台積電 DTP CIS部門請益,https://www.dcard.tw/f/tech_job/p/260257651,2025-11-13T12:40:56.810Z,台積電 DTP CIS部門請益 國立交通大學 11 月 13 日 20:40 如題 最近拿到此部門的面試通知 想知道這個部門大概的風氣 以及大概工作內容 謝謝各位！！
260497353,台積電Q&R工程師 職缺請益,https://www.dcard.tw/f/tech_job/p/260497353,2025-12-18T14:29:44.630Z,台積電Q&R工程師 職缺請益 國立成功大學 12 月 18 日 22:48(已編輯) 各位前輩們好，小弟近日收到台積的面試邀約 也上網查找了一些有關Q&R工程師的資料 但由於網路上找到的資料比較少 想請教各位前輩們能否分享自身的經驗 謝謝各位前輩的幫忙 也想請問 1.QR也有分很多種類，這種職缺通常會分類在哪一種呢？ 2.面試的可能準備方向
260021002,台積電F22-ETC2製程工程師請益,https://www.dcard.tw/f/tech_job/p/260021002,2025-10-12T10:22:41.248Z,台積電F22-ETC2製程工程師請益 國立清華大學 10 月 12 日 18:23(已編輯) 如題，想請問板上各位前輩這個職缺推不推，還有面試該注意事項 (板上只找到F22-ETC，沒找到F22-ETC2的文) 另外有推薦面試前讀什麼書嗎？ 謝謝各位前輩回答。
260363636,南科台積電技術員面試,https://www.dcard.tw/f/tech_job/p/260363636,2025-11-29T00:23:07.524Z,南科台積電技術員面試 H TT 追蹤 11 月 29 日 08:24(已編輯) 請問有本週到南科面試技術員已經收到HR面試邀請的嗎？ 面試當天只面完主管就被告知結束了 到目前為止都還沒收到HR的面試邀約 有點擔心😫 因為看別人分享幾乎都隔天就收到⋯ 技術員 台積電 面試
260150338,台積電南科光罩技術員面試經過分享,https://www.dcard.tw/f/tech_job/p/260150338,2025-10-30T03:23:03.464Z,台積電南科光罩技術員面試經過分享 H Vera 追蹤 11 月 11 日 17:48(已編輯) 更新目前結局...... 就在剛剛兩個小時前， 收到了英文版的感謝信函。 其實自己已有心理準備， 這段期間也都有陸續再找工作。 只是，收到沒錄取的信多少還是有些小失落， 再來就是想給點建議： 如果早有答案，可否盡早處理，盡早給予結果。 這次連HR面試都沒有~ 各位好，我是昨日第二次到南科進行光罩技術員面試的。 以下訊息分享給有想進此缺的你們，內容摘要： 一、兩次面試前中後經過 二、兩次面試的英文數學考題 三、兩次面試題問問題 四、我的疑問(想請教已在或曾在此單位做同職位的你們) 補充：兩次面試都是今年。   一、兩次面試前中後經過 ~第一次~ 4月初在台積網站上編輯履歷、投履歷(有空就投一次，因為聽說要一直投)。 5月初接到南科某小姐的面試邀約電話，經過一天思考回電願意前往。(會要思考是因為當時我只想要高雄廠或者新竹廠，沒想到是台南廠的打來)。 6月初前往南科面試(因為當時表示隔周三進行一次面試，讓我挑食間，當時我排班制的，我選擇六月初)。 面試當天，會先做測驗(英文、數學、適性測驗)。 接著等叫名字進去一對一跟主管面試。 面試結束會叫你在外面等待，又有另一名小姐跟你說今天面試到這邊。 面試完隔天收到HR遠端面試邀約的信件，要你選擇可面試時間。於是我選在隔周。 6月中進行HR遠端面試。 HR面試完一周就收到感謝信，表示資料會留於人才資料庫中。   ~第二次~ 10月中一樣接到同樣地點同樣職位的面試邀約電話，本次沒有給我選面試日期，是直接安排下周三(也就是昨日)。 10月底(也就是昨日)前往進行報到、測驗，但本次沒有做適性測驗。 接著一樣等人叫名字進去面試，這次跟我面試的沒有透漏自己是什麼身分，所以我也不知是主管還是助理工程師?!但我確定和第一次跟我面試的是不同人。 面試完後，一樣又等人叫你名字，她表示等HR這兩週通知。 本次的經過就到此…   兩次前往現場面試，都是早上08:30報到，最後離開都是10點半至11點之間。 第一次前往面試還可以帶包包，第二次就不行，我也不知為何，但就照做。   二、兩次面試的英文數學考題 ~第一次~ 英文數學考題在同一張A4紙上(雙面)，總共20分鐘。 提醒：要自備原子筆、修正帶/液。 提醒：考完前三分鐘，工作人員會提醒。 提醒：千千萬萬要準備英文，你只要卡住，你後面數學會來不及寫或檢查。   英文的部分：20題選擇，中翻英、英翻中 準備：當你答應面試後，過一兩天會寄面談通知，裡面會提供要背的英文單字總共288個。 提醒：當天考法20題選擇中，有大約5題是沒有出現在288個單字內的。 數學的部分：7題計算題 準備：不會給題庫。但大致上是考小學至國一的數學題，主要理解題目意思、會加減乘除，基本就可以拿滿分。 準備：實際題目內容我沒記起來，但大概就是以下： 時差運算、三位數以下乘法、平均數、倍數及小數點、單位換算、象限、時差。 提醒：作答要有計算過程，答案部分要寫個答：或者A：。   ~第二次~ 英文數學考題在同一張A4紙上(雙面)，總共20分鐘。 英文的部分：20題選擇，中翻英、英翻中 數學的部分：7題計算題 這張考法同第一次。但我以為題目會跟我第一次考的內容一樣(想說也才差幾個月，應該不會換考卷)，結果不一樣的考題，可考法都一樣。   本次在20分鐘的英數作答後，加了一份背英文單字及問卷。 會先給你20個英文單字和其意思，你要在10分鐘內背起來。 考法是中翻英英翻中，不是選擇題，是要你寫出來。 問卷的部分就還好，就照個人狀況填寫，不是考試的東西。   三、兩次面試大略問題 第一次的，有叫我自我介紹。 大致上就是從你自我介紹、你所填的問卷內容當中問你問題。過程比較偏輕鬆，沒有很緊繃。 會問的基本就是你過去經驗、離職原因等。 最後都會問你有沒有什麼問題想問的?(這就依個人的問題發揮囉，我聽人家建議不要沒有問題) 想到一個點，有問到是否有三等親以內的親戚在台積電內工作?是否有人推薦?(這個問法，是這工作很靠介紹進去是不是?)   四、我的疑問(想請教已在或曾在此單位做同職位的你們) Q1:可以分享建議?以及進去任職後的感受如何? Q2:因為我是外地人，原先電話邀約面試的人說有可以申請宿舍，但今天面試說沒有。所以到底?(我是打算過幾天有HR面試時，問看看，順便問問是否有租補)   以上就是我的經驗分享 或許每次題目不同 但我看大致上流程都是這樣 有得準備記得準備 有關係記得靠關係，但是基本流程還是要走，你還是得跟著考跟著面試 沒關係也沒關係，靠自己努力更能證明自己的實力 加油，祝福你我都能如願 各位，真的很想進去的 履歷持續更新 不要放棄 把自己的亮點強調出來 可以爬文 看他們喜歡找的是什麼特質 看看自己有沒有 把他強調出來 再來有關係有親戚在裡面的 就努力請他們推薦你吧 連兩次都被問相關問題 感覺蠻重這一塊的 1.有無三等親以內的在台積工作? 2.是有人推薦嗎?
260466950,非電子或固態有人拿到整合嗎,https://www.dcard.tw/f/tech_job/p/260466950,2025-12-14T09:34:47.082Z,非電子或固態有人拿到整合嗎 國立臺灣大學 12 月 14 日 17:45(已編輯) 相信大家都感覺到，今年台積電的預聘名額特別難拿。 想請問是否有非電類背景（如化學、化工、材料、機械等）的同學，已經拿到 PID 或 YED 的面試邀請呢？ 另外，有人知道F25新廠，整合大概何時會開始招嗎？ 我先：拿過LIT、WET 歡迎大家分享經驗 不刪文 台積電 做愛 工作 研究所 徵才
260239055,台積電面試時程問題,https://www.dcard.tw/f/tech_job/p/260239055,2025-11-11T06:31:55.465Z,台積電面試時程問題 V PEANUTS 追蹤 11 月 11 日 14:31 各位年薪三百的學長姐好，十月底已經完成線上主管面試，上週五也順利完成到廠測驗，請問接下來的HR人資面試大概是多久會有消息呢？謝謝各位🙏 台積電
260299233,收到台積電技術員面試,https://www.dcard.tw/f/tech_job/p/260299233,2025-11-19T13:56:20.148Z,收到台積電技術員面試 R ㄚ貴 追蹤 11 月 19 日 21:56 因為沒有做過科技廠技術員工作， 有點緊張，請問面試應該要注意什麼嗎？ 會不會很難上手呢？
260447864,台積電工程部技術員面試等待,https://www.dcard.tw/f/tech_job/p/260447864,2025-12-11T12:15:59.332Z,台積電工程部技術員面試等待 W FAN 追蹤 12 月 19 日 23:58(已編輯) 想請問目前有人收到offer了嗎！！ 更 今日已收到offer!🥹
260361679,求內推台積電,https://www.dcard.tw/f/tech_job/p/260361679,2025-11-28T14:11:17.422Z,求內推台積電 中山醫學大學 11 月 28 日 22:11 從9月中就投履歷到現在都沒收到任何一封面邀 到底是哪裡出了問題 台積電 台積 工作 面試
260280951,台積電志願排序,https://www.dcard.tw/f/tech_job/p/260280951,2025-11-17T02:11:06.893Z,台積電志願排序 國立中央大學 11 月 17 日 10:11 如題 十月底排序後到現在一封感謝信也沒有 看來沒有純正DNA🫠 徵才 工作 面試
260105987,台積電Fab_20 process engineer OCD量測開發工程師,https://www.dcard.tw/f/tech_job/p/260105987,2025-10-23T14:32:49.578Z,台積電Fab_20 process engineer OCD量測開發工程師 A nmqwea 追蹤 10 月 23 日 22:33(已編輯) 收到台積電面試邀請 想請教Fab 20_Process engineer-OCD 量測開發工程師 請問這個職缺的風氣、操度如何呢？是否加班到很晚？ 謝謝
260339740,台積電告羅唯仁也太狠,https://www.dcard.tw/f/tech_job/p/260339740,2025-11-25T11:46:40.623Z,台積電告羅唯仁也太狠 國立政治大學 心理學系 11 月 25 日 19:46 退休不到 3 個月就跳槽英特爾 台積電前副總羅唯仁被告了 這次台積電是真的動怒了 不僅提告還被爆料說帶走機密資料 前分析師陸行之直接批「大叛徒」 連在台積電數十年的貢獻都被說歸零 最讓人驚訝的是羅唯仁還是美國籍 這次案件可能會挑戰台灣的矽盾韌性 專家說這不只是台積電的問題 更是台灣半導體人才管理的考驗 老實說這種高階人才流動真的很敏感 尤其是半導體產業競爭這麼激烈 不知道英特爾會不會幫他打官司 還是乾脆切割掉 🥲 大家覺得這次台積電會贏嗎 還是只是做做樣子而已
260397473,台積電新建廠工程隊,https://www.dcard.tw/f/tech_job/p/260397473,2025-12-04T00:46:34.406Z,台積電新建廠工程隊 X 海盜 追蹤 12 月 4 日 08:46 近期接到台積電新建廠工程團隊的面試/邀約電話，對方提到這個職位可能需要到各廠區支援。 想請問目前在台積電工作的前輩們：這個部門的工作內容與環境如何？ 薪資待遇是否不錯？工作強度會不會很操？ 希望能得到一些實際經驗分享，感謝！ 台積電
260478321,台積電住宿問題,https://www.dcard.tw/f/tech_job/p/260478321,2025-12-16T02:36:17.111Z,"台積電住宿問題 國立成功大學 12 月 16 日 10:36 想請問大家 最近收到入職通知,要先去高雄廠區工作10天後再去台中受訓, mail有說台積電配合的飯店是在哪裡,但沒有看到住宿申請的地方,只有在onboard系統上填寫需要住宿 ,還是過幾天會寄高雄台中的住宿申請單給我們呢 謝謝大家 不刪文 台積電 住宿 問題"
260283369,台積電預聘後續沒消沒息求解,https://www.dcard.tw/f/tech_job/p/260283369,2025-11-17T08:35:24.130Z,台積電預聘後續沒消沒息求解 國立臺灣大學 11 月 17 日 16:35 10/22面試的，然後10月底收到資歷查核通知，再幾天收到主管面試滿意度調查，中間沒有其他面邀，沒有二面，也沒有廠測的通知，然後就無聲無息直到現在。 有看到資歷查核通常是最後一關，但一個月過去完全沒有後續又讓我覺得已經涼涼了，但也沒有收到感謝信。請問感謝信沒收到就是還有機會嗎？還是有時候感謝信要問了才會有，他不會主動發，我該主動寄信去問一下人資嗎？ 台積電 預聘 後續
260425789,台積電 資歷查核,https://www.dcard.tw/f/tech_job/p/260425789,2025-12-08T10:39:10.314Z,台積電 資歷查核 C 黃鼠狼別拜年 追蹤 12 月 8 日 18:39 請問有人知道資歷查核在幹嘛嗎？填以前的主管或論文指導教授 他們真的會打電話去問？但就算這樣，如果一開始有心的人就請朋友或家人幫忙，資歷填他們的電話，這樣查核有用嗎？ 或者如果在家人公司上班，主管就填自己家人，這樣查核也沒什麼用吧？ 台積電 請益 台積 工程師
260278971,台積電面試、資歷審核,https://www.dcard.tw/f/tech_job/p/260278971,2025-11-16T15:32:08.103Z,台積電面試、資歷審核 國立中央大學 11 月 16 日 23:32 之前在預聘的時候已經有進行過資歷審核、廠測 但後來因為一些原因就沒有進去 目前面完主管、人資、確認意願順序 正在等待的過程🫠 想問不知道有沒有人跟我一樣是在預聘時就資歷審核過了 後續是否還要再審一次呢🥲 台積電 台積電面試 面試
260530986,台積電實習生面試問題,https://www.dcard.tw/f/tech_job/p/260530986,2025-12-23T15:29:25.949Z,台積電實習生面試問題 J jou_en0205 追蹤 昨天 00:54(已編輯) 今天收到台積電實習生的面試邀請～ 爬了一下文好像沒什麼人分享實習職位的面試問題，我朋友說三年前是兩面，一面就聊聊天二面就問問基礎架構不會太難，不知道現在的情況如何 想請問面試大概會問什麼樣的問題呢 以及現在刷leetcode還來得及麻，我以為要一個多月才會通知現在有點慌😭 真的非常非常感謝前輩們的幫忙🥺 給你們大大的愛心🧡希望大家都能收到滿滿的offer！
260275029,台積電MAE 技術員問題,https://www.dcard.tw/f/tech_job/p/260275029,2025-11-16T05:08:22.847Z,台積電MAE 技術員問題 國立臺灣海洋大學 機械與機電工程學系 11 月 16 日 15:59(已編輯) 各位大大好，我最近有投台積官網高雄廠的技術員，但卻收到F22-DIF2的儲備模組工程師的面試邀約，我比較想做技術員，想請問這樣要去面試，還是繼續等看看會不會有技術員的面試通知呢？這樣婉拒會不會影響到之後其他職缺的面試呢？還是會建議去面看看呢？ 註：目前做傳產二年，學歷頭上這間 台積電 mae 技術員
260250238,台積電職缺請益,https://www.dcard.tw/f/tech_job/p/260250238,2025-11-12T13:49:05.700Z,台積電職缺請益 國立臺灣大學 11 月 12 日 21:49 各位前輩好，想請問台積電的pusd 部門在職等上是31嗎？因爲網路上看到都是幾年前的資料了，想詢問職缺以及部門風氣等等！ 先謝謝前輩們 預祝大家工作順利～～～ 台積 台積電 工作 求職 科技業
260264756,#請益 台積電面試詢問,https://www.dcard.tw/f/tech_job/p/260264756,2025-11-14T12:36:40.136Z,#請益 台積電面試詢問 M Young 追蹤 11 月 14 日 20:36 各位學長姐好，小弟我最近剛拿到黃光設備的面邀，爬文有說track 和scanner 天差地遠，想請教學長姐們能否提供此職缺的一些資訊
260144879,台積電職缺請益,https://www.dcard.tw/f/tech_job/p/260144879,2025-10-29T08:10:44.086Z,台積電職缺請益 國立中興大學 10 月 29 日 16:10 各位年薪300的大大們，昨天面完台積中科的F15B-WET2 PE， 想請問各位有關於這個職位的看法或有一些消息可以分享給我嗎~~ 主管是說現在加班卡很緊，不知道是真是假，謝謝各位>_< 台積 台積電
260276443,群聯運動會發2萬5？,https://www.dcard.tw/f/tech_job/p/260276443,2025-11-16T09:15:16.896Z,群聯運動會發2萬5？ 國立臺灣科技大學 11 月 16 日 17:15 肥肥剛剛跟朋朋吃飯， P朋提了一嘴昨天運動會發2萬5， 但因為P朋常常說什麼： 「S要倒了」、「明年很大包」 就沒在心上，吃完飯上網查也沒看到相關新聞， 請問群聯真的對齊台積電，家庭日發2萬5嗎？ 群聯 發錢
260343593,台積電高雄面試請益,https://www.dcard.tw/f/tech_job/p/260343593,2025-11-26T02:44:33.993Z,"台積電高雄面試請益 P 桃子 追蹤 11 月 26 日 10:48(已編輯) 今年剛畢業 收到了高雄F22 的量測製程工程師面試 , 因為自己是高雄人 其實不想待在高雄工作,但是聽說只要面過高雄廠就不會再收到其他廠的邀約了 因為高雄廠是新廠 別廠不會跟它搶人。 請問是真的有這個情形嗎 , 原本覺得量測很不錯了想去面試看看的 但也希望有其他工作機會可以繼續收到 台積電 高雄 面試"
260181429,台積電工程部APOD2/ PLGD/工程部技術員詢問,https://www.dcard.tw/f/tech_job/p/260181429,2025-11-03T12:13:25.164Z,台積電工程部APOD2/ PLGD/工程部技術員詢問 A 炒泡麵加辣 追蹤 11 月 25 日 23:22(已編輯) 各位前輩好～ 目前收到台積工程部技術員面試邀約 小弟為新鮮人，背景為 hook up 廠商。 想請問這個職缺（APOD2 / PLGD / 工程部技術員 PM 類）的實際工作內容大概是什麼？ 想了解一下實際上是不是在產線輪班操作、維護機台～  謝謝各位前輩解答，非常感謝 🙏
236366345,台積電HR面試,https://www.dcard.tw/f/tech_job/p/236366345,2021-06-29T03:48:40.768Z,台積電HR面試 國立雲林科技大學 21/6/29 11:48 大家好 請問台積電HR會在禮拜六晚上10點打來面試嗎？？ 面試完才注意到 他的號碼是0988xxxxxxxxx Whoscall 只寫台灣沒寫台積電啊 有可能是詐騙嗎🥲 台積
260496628,到底是什麼人一直推美光 🤡?,https://www.dcard.tw/f/tech_job/p/260496628,2025-12-18T12:53:52.942Z,到底是什麼人一直推美光 🤡? Y 吃瓜群眾領頭羊 追蹤 12 月 18 日 21:17(已編輯) 說個簡單的算法， 影響美光埃劈劈的是公司加成跟個人加成。 公司加成就是常常聽到的“幾趴”， 個人加成就是考績分數，分成： 1：0% 2：35% 3：100% 4：140% 5：200% 正常表現就是3分， 假設公司公告 100%， IPP = 18% x 14 個月 x 1 × 1 = 2.52 個月 笑死人 整年只有台積電一季的一半還少 🤡 歐 對了，2025年公告還只有 93% 喔~
260527989,台積電IT台北辦公室可以談嗎,https://www.dcard.tw/f/tech_job/p/260527989,2025-12-23T08:17:59.378Z,"台積電IT台北辦公室可以談嗎 國立交通大學 資訊科學與工程研究所 12 月 23 日 16:17 想請問各位大大 新鮮人住台北面試可以談在台北辦公室工作嗎 職缺上只有寫竹科,南科 如果問會被黑嗎 感謝 台積電"
257780069,#問 台積電部門,https://www.dcard.tw/f/tech_job/p/257780069,2025-01-17T15:59:28.198Z,#問 台積電部門 國立聯合大學 1 月 17 日 23:59 請問各位大大台積電F18B蝕刻製成VS F18B黃光設備VS F22 YED怎麼選呢？ 謝謝 問 台積電 部門 科技業 請益
260386721,台積電F22 CVD2設備工程師,https://www.dcard.tw/f/tech_job/p/260386721,2025-12-02T10:46:11.254Z,台積電F22 CVD2設備工程師 逢甲大學 12 月 2 日 18:46 板上的各位300萬大大好，我剛剛收到台積電的F22 CVD2設備工程師的面試邀約，我想問一下板上的大大一些問題 1.F22的風氣如何 2 CVD要摸什麼化學品 3.加班時數會到多少 如果有更多資訊的話，麻煩各位大大詳細說一下，感謝各位 台積電 工程師 工作 面試 請益
260526991,大陸交換,https://www.dcard.tw/f/tech_job/p/260526991,2025-12-23T05:45:56.830Z,大陸交換 國立清華大學 昨天 12:45(已編輯) 想請問大四下前往大陸交換會對日後求職會有影響嗎？有聽到有人之前去上海交大然後被台積HR問，說什麼上海交大會偷台積電機密。想請問有人有知道類似的情況嗎？ 謝謝🙏 大陸 台積電 工作
260357728,大學領書卷獎能幹嘛,https://www.dcard.tw/f/tech_job/p/260357728,2025-11-28T03:10:06.571Z,大學領書卷獎能幹嘛 國立臺灣大學 11 月 28 日 11:10 現在台積電這樣發 怎麼感覺學歷越來越被稀釋了 領書卷獎或是斐陶斐在科技業的好處有嗎 大學 書卷 得獎
260353062,南科台積電技術員面試請教,https://www.dcard.tw/f/tech_job/p/260353062,2025-11-27T09:12:21.964Z,南科台積電技術員面試請教 B 勁辣香雞翅 追蹤 11 月 27 日 17:26(已編輯) 這週有面試台積電技術員 聽說通常面試完隔天就會收到hr遠端面試邀請，但我到今天還沒有訊息 還是說有前輩能分享通常會是幾天內會收到人資邀約 小弟現在有點緊張，很想加入台積賣肝 技術員
260346126,台積電 技術員 面試,https://www.dcard.tw/f/tech_job/p/260346126,2025-11-26T09:42:01.362Z,台積電 技術員 面試 L lllluna 追蹤 11 月 26 日 17:42 上週面試台積電技術員，進到了無塵室參觀， 想問大家都是單純參觀，還是會直接實作工作呢？
260321547,台積電招募嘉義場11/22,https://www.dcard.tw/f/tech_job/p/260321547,2025-11-22T21:24:11.869Z,台積電招募嘉義場11/22 H 年輕人 追蹤 12 月 10 日 19:47(已編輯) 當天我是參加第一場 09:00 的面試，一進去就先考英文跟數學。 後續順利有一面 HR，到二面主管面試（當下不知道是哪個部門，是晚上收到 mail 才知道是某個部門的主管面試）。 期間看到有些人一面結束後就領餐盒回家，或者二面完就離開。 到最後剩下大概 20 個左右（第一場好像是 48 人參加面試），後面陸續挑到剩 15～18 人左右。但我很好奇，為什麼最後留下的人還要再考一次數學跟英文？ 有沒有其他人也遇過二次考試的流程？ 2025/12/4更新 D+12 接到電話詢問學歷跟工作經歷核對 2025/12/10 D+18 接到核薪電話+offer
260284343,台積電最年輕副總跳槽輝達了,https://www.dcard.tw/f/tech_job/p/260284343,2025-11-17T10:59:01.633Z,台積電最年輕副總跳槽輝達了 國立臺灣科技大學 11 月 17 日 18:59 李文如明天就要去輝達報到 她今年 7 月才從台積電離職 當時震驚不少人  李文如被稱為台積電最年輕副總 手握上兆元採購預算 負責整個供應鏈管理 這次跳槽到輝達 會擔任副總裁並負責台灣銷售業務 以前在 Google、Apple 這些公司都待過 履歷真的超強 科技業高階主管的流動 感覺越來越頻繁了
260497567,台積電2026預聘請益,https://www.dcard.tw/f/tech_job/p/260497567,2025-12-18T15:00:21.361Z,台積電2026預聘請益 A 火腿蛋餅 追蹤 12 月 18 日 23:00 今天收到這個單位的面試邀請，不過沒有寫得很詳細是黃石公園還是什麼之類的，想請問板上的各位先進們有沒有相關資訊可以幫忙解惑😢😢
260175447,會推薦唸在職碩士嗎,https://www.dcard.tw/f/tech_job/p/260175447,2025-11-02T15:24:37.134Z,會推薦唸在職碩士嗎 逢甲大學 11 月 2 日 23:28(已編輯) 本人是逢甲電機畢業，年齡約28歲 目前在台中某封測廠擔任EE 4年 年薪80w 今年有面台積電EE 後面因學歷因素人資最終給MAE Offer 想詢問以未來職涯發展，目標想進入台積電 是否需要考在職碩士 目前中部的話有想選擇逢甲or中興在職碩士 不曉得補了非四大的在職碩士是否對未來有幫助 因此想詢問板上 碩士 台積電 科技業 在職專班 工作
260451410,Lam/TSMC/AMAT 面試分享,https://www.dcard.tw/f/tech_job/p/260451410,2025-12-12T02:58:21.644Z,Lam/TSMC/AMAT 面試分享 國立雲林科技大學 電子工程系 12 月 12 日 20:20(已編輯) 更新 今天接到台積電電話詢問意願 並且向上簽核了 但由於最後我選擇去AMAT 所以就婉拒了 本人就如同頭像上的 雲科碩 並且大學有在聯華電子做過設備實習生半年 1. Lam FSE 蝕刻 (clean) D+0 HR電訪 並且通知說會把履歷給主管看 大概要1個星期的時間才會知道有沒有下一步面試 結果沒想到過了2個小時就打電話來說可以準備面試了 D+3 面試 2個主管一起面 大概就是聊聊天 然後問一下得獎的發明展在做什麼這樣 然後有稍微問一下碩士論文 整體下來氣氛蠻愉快的 D+10 感謝信 2.Lam FSE TF-ECP D+0 一樣HR電訪 並且通知說會把履歷給主管看 D+7 主管面邀 D+14 主管面試 一位主管面試 這次碩論和溝通能力被問的很仔細並且被要求舉例 並且進入公司的動機也問的很細 所以真的不能馬虎 結果我最後就被問倒了😂 最後無聲卡 3.TSMC CVD EE D+0 主管邀請遠端面試 D+3面試 面試當下氣氛是輕鬆的 主管蠻看重之前有沒有設備經驗 並且也會請你舉例有沒有在碩班或實習時有動手修過幾台 以及會問你如果碰到挫折時的心態之類的 整體面下來 主管很滿意 感覺有跟主管match 到 D+8 HR邀請遠端面試 以及線上測驗 因為我多益有過門檻 所以英文就沒有測驗了 D+15HR遠端面試 這次HR有問了一些情境題 沒什麼特別的 網路上爬文都找的到 面完之後有跟我說會資歷查核 並且結果大約要等3～4個星期 4.AMAT CE 高雄徵才 D+0 104突然打來說我獲得面試的資格問我來的意願 D+7 實體面試 這邊我就不方便說面試的細節 怕被認出來 有需要的可以私訊我 D+11 HR電訪以及口頭核薪 最後決定不等台積 去AMAT了 預祝各位也找到自己理想的工作～
239517876,台積電NTC,https://www.dcard.tw/f/tech_job/p/239517876,2022-07-23T16:05:12.817Z,台積電NTC A 老王 追蹤 22/7/24 00:05 請問台積電前輩們，NTC考試是每天都考嗎？考試題目會很多嗎？可以openbook嗎？ 台積電 工作 科技業 台積 工作經驗
259640138,台積電工作,https://www.dcard.tw/f/tech_job/p/259640138,2025-08-27T07:22:20.379Z,台積電工作 逢甲大學 8 月 27 日 15:22 各位年薪300萬的大大，小弟想問一下，現在逢甲碩還進的去台積電嗎？ 台積電 工作
260391873,台積電 IMC,https://www.dcard.tw/f/tech_job/p/260391873,2025-12-03T05:17:01.334Z,台積電 IMC H 輸入你的卡稱 追蹤 12 月 3 日 13:17 不刪文！ 前幾天面了IMC 他們是很多個主管一起面試 目前有收到後續HR面邀 但因為聽說IMC底下分滿多類別 想知道後續會如何得知有機會被分配到哪個部門 以及各部門該不該去 勸退ㄇ 台積電
260141269,台積電 MAE 面試,https://www.dcard.tw/f/tech_job/p/260141269,2025-10-28T17:39:45.174Z,台積電 MAE 面試 國立金門大學 10 月 29 日 01:39 有面試過F12A、F14A-LIT和F6-LIT的經驗，其中只有F6-LIT是到廠面試。 (適性測驗及英文測驗也到廠測驗完成) 以上三次都無聲卡。 目前也都持續在投遞履歷，都沒收到面試的機會。 自認為抗壓性不差、對於輪班、加班也可以接受。 請問是因為目前景氣較凍影響? 還是可能是適性測驗、英文測驗或是面試表現不佳才導致? 請問有人能幫忙內推嗎?  求各位的意見
260518792,台積電OP ETE,https://www.dcard.tw/f/tech_job/p/260518792,2025-12-22T02:46:43.404Z,台積電OP ETE 國立成功大學 12 月 22 日 10:46 想問GG的OP ETE出去介紹自己的時候會自稱工程師嗎？ 我是32啦 我看身旁的同事出去都說自己是作業員 根本不想被認出來 台積電 做愛 聯發科
260294917,offer請益（台積TE/矽品助工）,https://www.dcard.tw/f/tech_job/p/260294917,2025-11-19T02:45:47.639Z,offer請益（台積TE/矽品助工） 國立中正大學 光機電整合工程研究所 11 月 19 日 10:45 背景：私立科大電類學士 27歲 上一份工作與科技業無關 ——————————— 小弟台南人，最近拿到這兩份offer ，台積電是南科，矽品的話在二林廠，都是做二休二。 台積 TE 住家裡日班月薪32k 夜班48k 滿三年的話年薪75萬以上 矽品 設備助理工程師 底薪45k 常態加班 加三節分紅有機會破百 目前偏向選擇台積，之後補個在職碩回來應徵EE，但聽朋友說離開台積能再回來的機率不高。 選矽品的話除了年薪高以外，職涯發展性也比較高，當跳板也不錯。 但實在是難以抉擇所以在此徵詢各位大大的意見！
260158840,台積電F22-ETC1 製程工程師 請益,https://www.dcard.tw/f/tech_job/p/260158840,2025-10-31T06:35:03.607Z,台積電F22-ETC1 製程工程師 請益 國立臺灣科技大學 10 月 31 日 14:35 最近收到F22-ETC1 PE 的面試邀約 想請問各位前輩推不推薦這個職缺？部門的風氣如何？ 後續要面試的話有沒有什麼需要特別注意的地方～ （因為網上好像比較少看到ETC1的相關文章） 先謝謝各位的回答🙏🏻 台積電 請益 工作 徵才 科技業
260093005,在台積電上班智慧型手機被沒收,https://www.dcard.tw/f/tech_job/p/260093005,2025-10-21T17:39:08.851Z,在台積電上班智慧型手機被沒收 S 荔枝綠茶 追蹤 10 月 23 日 15:31(已編輯) 更新回覆： 沒有想到我這篇文這麼多人關注 先謝謝大家的建議說明還有反饋 每一篇文我都有看到就不一個個回覆了 本人昨天直接親自去要回來手機 畢竟錢都罰了課程也上了 我認為再不給我真的很誇張 想要直接告訴他們這是完全不合法的行為 但在我昨天直接去要回來的時候時間還沒滿一個月就派人來陪我，檢查一下就拿回來了 只是讓自己有個警惕，進公司前真的要檢查包包 否則荷包大失血就算了規定也一大堆 在台積電上班真的只是名義上聽起來好像很偉大一樣 事實上裡面規定多到一個不行 每次過安檢後彷彿好像直接到了北韓一樣 所以我只能說，要到裡面上班不管是正式員工還是外包 除非薪水你可以接受，其他都要三思。 —————— 以下原文： 如題 我是在台積電上班的外包餐廳 在上個月過安檢智慧型手機忘記在包包沒有拿出來被查到 後來被要求罰款5000元，甚至手機直接被沒收1個月 我想問問各位，被罰鍰我可以接受 但被沒收1個月是否不合理，這是不是可以申訴？ 個人覺得這已經是侵占個人財產了，要不是還有備用手機，其他被罰的人沒有手機會怎麼想？
260335506,台積電 預聘,https://www.dcard.tw/f/tech_job/p/260335506,2025-11-25T00:04:59.678Z,台積電 預聘 R ruibu 追蹤 11 月 25 日 08:04 請問各位年薪300以上前輩 小的目前混血台大產線系所，目前預聘只有收到f22etc設備面試。 比較想要製程相關的職缺，但都沒收到邀請。因為其實家庭因素很缺錢，所以也不敢放棄任何機會，請教各位前輩我應該繼續等其他機會，還是有就趕快去。
260431217,台積電技術員面試等待,https://www.dcard.tw/f/tech_job/p/260431217,2025-12-09T06:56:20.608Z,台積電技術員面試等待 國立臺東大學 12 月 9 日 14:56 面完HR（高雄廠）後說要資歷查核到現在好緊張，有一樣情況的嗎？ 台積電 技術員 面試
260401398,好奇台積電校園黑客松,https://www.dcard.tw/f/tech_job/p/260401398,2025-12-04T12:17:46.369Z,好奇台積電校園黑客松 L Y 追蹤 12 月 4 日 20:17 好奇真的會有人會參加這個比賽嗎～ 這個競賽如果程式初學者能夠通過初試嗎？ 在板上討論黑客松的好像不多 感謝🥹 台積電 校園 科技業 大學 大學生
260381080,請益 清交物理系延畢投台積電mae 有料嗎,https://www.dcard.tw/f/tech_job/p/260381080,2025-12-01T14:04:16.123Z,請益 清交物理系延畢投台積電mae 有料嗎 國立清華大學 12 月 1 日 22:04 如題 請益 物理 工作 台積電
260418051,台積電F22工程部技術員面試邀約,https://www.dcard.tw/f/tech_job/p/260418051,2025-12-07T06:33:15.718Z,台積電F22工程部技術員面試邀約 國立屏東科技大學 12 月 7 日 14:33 11月中第一次去面試工程部技術員 當下主管說這個是蝕刻部的職位 與主管面談後 一週後收到感謝信 隨後 12月初收到其他部門的工程部技術員邀約 按預約面談後 發現面試主管一樣是同一位 不知道是主管誤按 還是沒有注意到我曾被他發過感謝信 請問有人有類似狀況嗎…… 不知道該不該直接寫信去問面談的主管 技術員 台積電
260499009,請益台積電主管簡訊,https://www.dcard.tw/f/tech_job/p/260499009,2025-12-18T21:06:50.616Z,請益台積電主管簡訊 國立中央大學 12 月 19 日 05:06 前幾天剛辦好台積官網的帳號 把學歷跟關鍵字填上去而已 隔天就收到一個經理說看到履歷 有興趣可以回電問工作內容 不是那種系統罐頭邀約的簡訊 但我根本還沒上傳pdf履歷跟應徵 想請問有人遇過這種邀約是正常的嗎 如果是真的這種單位有可能是好待的ㄇ
260219499,有點想要台積電LOGO的鞋子,https://www.dcard.tw/f/tech_job/p/260219499,2025-11-08T13:52:00.390Z,"有點想要台積電LOGO的鞋子 國立清華大學 化學工程學系 11 月 8 日 21:52 台積電運動會真的超熱鬧 除了黃仁勳現身跟加碼獎金之外 魏哲家腳上那雙特製鞋根本搶盡風頭 聽說是在美國半導體展訂製的 全台唯一獨一無二 上面還印有tsmc跟台積電LOGO 他說明年大家應該都買得到 😂 # TSMC 特製鞋太狂！魏哲家一亮相全場暴動：明年一定買得到 台積電今（8）日盛大舉辦年度運動會，董事長魏哲家與輝達（NVIDIA）執行長黃仁勳難得同場亮相，掀起全場熱烈歡呼 黃仁勳以貴賓身分登台致詞時，全場手機鏡頭紛紛舉起，而魏哲家介紹他時,更以一句「去年他是 3 兆男，今年變成 5 兆男」炒熱氣氛，而魏哲家腳上的特製鞋，也相當吸睛 黃仁勳則以中、台語交錯發表感言，真摯地說出:「我愛台積電！」並強調「沒有台積電，就沒有輝達」，盛讚台積電不僅是台灣的驕傲，更是全球引以為傲的企業  魏哲家當天也被拍到腳踩一雙印有「tsmc」字樣的特製運動鞋，上面印有台積電 LOGO，引起關注 據幕僚透露，這雙鞋是他先前赴美參加半導體展 SEMICON WEST 時，專為他訂製的款式，全台唯一、獨一無二 他致詞時展現一貫幽默風格，笑稱:「上次我等了 26 年才有機會站在這裡發表感言，一回生、二回熟，今天應該會更順利，天氣也給力」話一說完，現場掌聲與笑聲不斷 此外，魏哲家也宣布今年的「特別獎金」將從去年的 2 萬元提升至 2 萬 5 千元，全公司約 7 萬 5 千名員工可領，總發放金額高達 18.75 億元，創下台積電歷來最高紀錄 此消息一出，全場瞬間沸騰 至於外界關注的那雙運動鞋，魏哲家透露:「那是聚會時朋友送的，不過明年大家應該都買得到」似乎暗示公司可能會推出限量版本，引發員工熱烈期待"
260389382,台積電學程,https://www.dcard.tw/f/tech_job/p/260389382,2025-12-02T16:55:06.352Z,台積電學程 國立成功大學 12 月 3 日 00:55 因為朋友問要不要一起參加台積新人訓練中心(NTC)半導體實務課程就跟著申請了，不過後續收到信說需要先完成半導體學程，之後便去申請隨便一個學程，但後續發現現在碩班根本沒空把全部學程修完，請問該如何取消學程的申請呢？如果學程未完成對於未來就業會有有影響嗎？再麻煩各位前輩回覆，感謝🙏 台積電 學程
254296092,台積電RD 請益,https://www.dcard.tw/f/tech_job/p/254296092,2023-12-31T15:16:00.003Z,台積電RD 請益 國立交通大學 24/1/1 23:26(已編輯) 最近逢台積電徵才預聘時期，先祝各位都順利。 小弟在這裡有件事情想了解一下，最近收到台積電RD相關職缺面試，但面談中主管說要進無塵室。 這裡想詢問，台積電RD普遍都要進無塵室嗎？此外，頻率多高？ 還請各位提供相關資訊，謝謝。 -統整- 1、RDPC-設備：要進無塵室 2、RDPC-製程：要進無塵室 3、ATMD 要進無塵室（頻率低） 4、PF：要進無塵室 5、N2 非ATMD：要進無塵室（頻率低） 6、封裝RD：要進無塵室 -以下RD做模擬居多的職位- 1、Spice 2、TCAD 3、DTP 4、SiP
255320507,台積電MO,https://www.dcard.tw/f/tech_job/p/255320507,2024-04-20T09:20:09.711Z,台積電MO P admin 追蹤 24/4/20 17:20 請問台積設備 被記MO會怎樣？ 不小心出了一個錯 不知道會不會被稽查到 怕的要死 請神人求解🙏 台積電
260111413,台積電熊本二廠正式簽約了,https://www.dcard.tw/f/tech_job/p/260111413,2025-10-24T11:05:00.331Z,台積電熊本二廠正式簽約了 國立臺灣大學 哲學系 10 月 24 日 19:05 台積電在日本熊本的第二座工廠 今天正式跟菊陽町政府簽約了 投資額高達139億美元，預計2027年底開始運作 這次二廠主要生產6奈米晶片 技術比一廠更先進 會用在自動駕駛跟AI這些領域 預計會僱用1700個員工  台積電在熊本總共投資 225 億美元 日本政府也承諾補助 1.2 兆日圓 一廠去年底已經開始量產了 二廠雖然延期過幾次 但今天簽約後就正式動工了 延期的原因官方說是為了避免塞車 但也有分析認為是因為電動車需求降溫 半導體市場波動才是主因
260253736,台積電IT時程分享,https://www.dcard.tw/f/tech_job/p/260253736,2025-11-13T03:25:06.699Z,台積電IT時程分享 I 瓜牛 追蹤 11 月 13 日 11:25 大家好！ 有鑒於當初在等Offer時也受到板上許多人的幫助 今天想分享一下面試台積電IT時的時程與面試經驗。 <背景> 國內國立大學資工系畢業， 國外QS前10大學就讀計算機碩士 有半導體相關產業實習經驗與領導社團經驗 <時程> D-0 收到面邀 回覆面邀 收到HackerRank測驗 D+5 完成HackerRank D+7 一面部門主管 D+8 收到HR面邀 D+14 HR面試 D+21 HR核薪 告知會和主管討論報到日期 D+22~32 期間與HR討論報到日期等相關事宜 D+33 收到e-offer 從收到面邀到收到offer大約一個月 <一面面試過程> 整體面試過程我覺得是相對輕鬆的。面試前我準備了大約6頁的投影片，主要介紹實習經驗與研究經歷。主管針對投影片與CV上提到的工具提問。大約半小時後，主管便開始介紹工作內容。最後進到提問環節。整場面試大約一小時結束。 <二面面試過程> HR主要提問常見的BQ，這部分我都是從個人經驗分享，並會提問延伸問題與假設性問題。提問後開始核對資料，整場面試大約40分鐘完成。 <心得> 正值畢業前夕，身旁的同學們也都在積極尋找工作。看到不少同學因簽證問題而難以在國外找到職缺，我便將求職重心放回台灣。 不得不說，相較於國外，台灣企業的面試流程普遍簡單許多，整體進度也快。 面試前我並沒有特別去閱讀太多關於台積電的網路資訊，主要是希望能以較客觀的角度看待這間公司。不過，我還是查了一下面試部門的背景以及常見的BQ，並稍作準備。若有實務經驗，這部分其實不難應對。 整個過程中最煎熬的階段是等待核薪結果。由於在網路上看到有些人卡在核薪簽核的流程，我也難免有些擔心。中間幾次寫信詢問 HR，對方都相當親切，回覆也很迅速。 面試時，我盡量保持平常心，以學習者的角度去了解這個產業與職位，希望能從過程中多認識一點自己與職場的樣貌。 最後，祝福大家都能盡早拿到理想的offer！
260027157,台積電作業員應徵,https://www.dcard.tw/f/tech_job/p/260027157,2025-10-13T07:31:22.233Z,台積電作業員應徵 Z Zen 追蹤 10 月 13 日 15:31 想問一下各位 由於本人是很急性子的個性 自從9/27投高雄廠作業員的履歷後 到現在10/13也還沒有消息 想請問是不是沒機會了 還是真的滿人了現在不缺 我該寫信問問看人資部門嗎 還是繼續等呢 拜託大家可以給我點建議嗎🙏🏻🙏🏻 台積電 作業員 應徵
260025162,進台積電當技術員有機會內轉工程師嗎?,https://www.dcard.tw/f/tech_job/p/260025162,2025-10-13T02:40:21.002Z,進台積電當技術員有機會內轉工程師嗎? 國立臺灣大學 10 月 13 日 10:42(已編輯) 小弟學士念文組的 有2~3年外商科技業PgM/PjM工作經驗 不過公司政策裁員台灣業務 想問台積電 1. 有機會從技術員內轉工程師嗎? 2. 如可以，過去的工作經歷還認嗎? 還是只認內部的 3. 如不行內轉，可以再透過外部台積網站申請? 申請上直接轉部門 不刪文，不是某清大粉頭 內轉 技術員 工程師 台積電
260537818,台積電職缺請益 CoPoS Process Integration Engineer,https://www.dcard.tw/f/tech_job/p/260537818,2025-12-24T14:59:00.209Z,台積電職缺請益 CoPoS Process Integration Engineer 國立成功大學 昨天 22:59 各位前輩好，小弟最近有幸收到CoPoS Process Integration Engineer的面談邀約 想知道工作內容、部門風氣、平均工時如何 還請各位前輩多多指教 （不刪文，留給後面的人做參考
260499042,台積電rdpc 職缺請益,https://www.dcard.tw/f/tech_job/p/260499042,2025-12-18T21:32:14.303Z,"台積電rdpc 職缺請益 Y rsdllk 追蹤 12 月 19 日 05:32 最近收到了這封面邀，職缺內容如下： 1. Advanced Integrated Interconnect & Packaging (IIP) module process development and baseline sustaining (ex: Chip on wafer bonding, Wafer on wafer bonding, Annealing, Die sorter) 2. Bonding mechanism, Surface analysis, Polymer material selection 3. Process stability/manufacturability improvement for yield and reliability qualification 4. Process/tool transfer to volume manufacturing 工作地點：竹南 已經上網查過相關內容，但大多數的文章是跟3dic 相關的，沒有找到跟我這項職缺類似的，因此想請問一下大家的看法，也想請教一下這項職缺面試需要準備的方向～ 再麻煩大家了❤️"
260249737,台積電 Product Device Engineer職缺請益,https://www.dcard.tw/f/tech_job/p/260249737,2025-11-12T12:44:48.618Z,台積電 Product Device Engineer職缺請益 國立陽明交通大學 電子工程研究所 11 月 12 日 20:44 各位學長姐好~~ 小弟最近收到Product Device Engineer的面試邀請 請問這個職缺的面試大概會問甚麼問題以及需要注意甚麼呢？ 先感謝大家的回覆
260473227,台積電中科交通請益,https://www.dcard.tw/f/tech_job/p/260473227,2025-12-15T08:21:57.112Z,台積電中科交通請益 K ( ੭ ̇ᗜ ̇ )੭ 追蹤 12 月 15 日 16:21 （不刪文） 各位前輩大家好，不好意思打擾了 有幸錄取台積電，目前尚未熟悉廠區間的交通方式，想請教公司提供的廠區接駁車相關資訊。 想詢問從 15A 廠到 15B 廠是否有接駁車可搭乘？通常在哪裡搭車、車程大約多久，是否有固定時刻表可參考呢？ 再麻煩大家指點，謝謝！ 台積電 中科 交通 科技業
260106727,台積電預聘面試程序請益,https://www.dcard.tw/f/tech_job/p/260106727,2025-10-23T16:04:30.044Z,台積電預聘面試程序請益 國立交通大學 11 月 10 日 15:33(已編輯) 更： 廠測完後就收到資歷查核，完成之後到現在11天了都沒消息，想請問等多久再問人資比較合適？ 一般資歷查核完是代表適性測驗沒什麼大問題嗎？還是例行作業？麻煩各位解惑了 謝謝🙏 —————————分隔線—————————— 目前已經一面完經理，過了三天後收到人資發送廠測的邀請，但人資沒約面試欸。 請問這樣的程序是正常的嗎？看到版上很多都是先人資面邀再廠測 謝謝！絕不刪文 台積電 預聘 面試 工作 科技業
260208978,台積電預聘,https://www.dcard.tw/f/tech_job/p/260208978,2025-11-07T05:43:03.401Z,台積電預聘 國立成功大學 11 月 7 日 13:43 小弟背景是頭上這間機械學群學碩，碩班是控制組，這禮拜收到兩封預聘信，分別是F25 ME和PVD的EE，想請問兩個部門的工作內容、風氣以及操度。另外，也想請問預聘時可以提說要研替嗎？且目前不打算之後一直做設備下去，若研替做這份工作，會對之後找其他領域的工作有影響嗎？先感謝回答的各位。
260458614,請教 台積電AMHS Installation Engineer,https://www.dcard.tw/f/tech_job/p/260458614,2025-12-13T03:05:42.889Z,請教 台積電AMHS Installation Engineer 國立中央大學 12 月 13 日 11:05 爬文爬了好久 AMHS幾乎都是維護保養類別的 但是這個職缺多了一個字 裝機 想請問這個職缺相比於其他工作的好嗎? 或是其他的詳細細節
260367174,台積電技術員,https://www.dcard.tw/f/tech_job/p/260367174,2025-11-29T12:38:36.241Z,台積電技術員 國立臺北護理健康大學 11 月 29 日 20:39(已編輯) 科技業板 國立臺北大學5/29 五年台積電技術員的心得與年薪 （代發），原背景私大夜校畢，看這篇被酸得很慘，最速收到台積通知的人 - Dcard，決定也來分享和原原Po相似的心得，順便給想投的人參考，2020~2021之間入職 到現在大概五年，畢業後原本做餐廳內 ❝ 引用的文章  最近我朋友看到這篇文章說他想要嘗試看看台積電技術員，他本身是寫網頁的，但後來做了幾年覺得 Coding 不是他要的，說想要丟履歷試試 想問個 : 台積電技術員 CP 值很高? 大家都是幾歲進去當台積技術員的? 台積電 技術員 工作 科技業
260295520,台積電高層跳槽？也太震撼,https://www.dcard.tw/f/tech_job/p/260295520,2025-11-19T04:30:01.192Z,台積電高層跳槽？也太震撼 國立清華大學 化學工程學系 11 月 19 日 12:30 剛看到新聞 台積電前副總羅唯仁退休後直接轉去英特爾 還疑似帶走 2 奈米機密 經濟部長說以前見過他印象還不錯 現在覺得有點意外 這個人還是工研院院士耶 帶領團隊累積超過 1500 項專利 推動 5 奈米、3 奈米、2 奈米製程 連張忠謀都頒獎給他 結果退休後跳槽競爭對手 現在高檢署已經開始調查 要確認有沒有洩露營業秘密 說實話看到這種新聞真的滿傻眼的 在台積電這麼資深的高層 掌握那麼多核心技術 退休後轉去對手公司 不管有沒有洩密都讓人覺得怪怪的 而且這種等級的跳槽 對台灣半導體產業的影響應該不小吧 大家怎麼看這件事？
